<?xml version="1.0" encoding="UTF-8"?>
<project-private xmlns="http://www.netbeans.org/ns/project-private/1">
    <editor-bookmarks xmlns="http://www.netbeans.org/ns/editor-bookmarks/2" lastBookmarkId="0"/>
    <open-files xmlns="http://www.netbeans.org/ns/projectui-open-files/2">
        <group>
            <file>file:/D:/CSC584/Parking_2/web/createViolation.jsp</file>
            <file>file:/D:/CSC584/Parking_2/src/java/controller/ViolationAdminServlet.java</file>
            <file>file:/D:/CSC584/Parking_2/web/editStudent.jsp</file>
            <file>file:/D:/CSC584/Parking_2/src/java/dao/DAOViolation.java</file>
            <file>file:/D:/CSC584/Parking_2/src/java/controller/studentServlet.java</file>
            <file>file:/D:/CSC584/Parking_2/src/java/controller/adminLoginServlet.java</file>
        </group>
    </open-files>
</project-private>
